Column1;Column2
brand;generic
ETHYOL;AMIFOSTINA
Reopro;Abciximabe
Verzenios;Abemaciclibe
Calquence;Acalabrutinibe
Acebrofilina;Acebrofilina
Advantan;Aceponato de metilprednisolona
Acetato de Clostebol + Sulfato de Neomicina;Acetato de clostebol + Sulfato de neomicina
Sayana;Acetato de medroxiprogesterona
Cyclofemina;Acetato de medroxiprogesterona + Cipionato de estradiol
PREMARIN MPA;Acetato de medroxiprogesterona + Estrogênios conjugados
Fluimucil;Acetilcisteína
HERPESINE;Aciclovir
Deriva Micro;Adapaleno
Epiduo;Adapaleno + Peróxido de benzoíla
Adenon;Adenosina
BROMALGINA Gotas;Adifenina + Dipirona + Prometazina
;Aesculus hippocastanum
Giotrif;Afatinibe
Replagal;Agalsidase alfa
Fabrazyme;Agalsidase beta
Ascarizole;Albendazol
Lastacaft;Alcaftadina
PROLEUKIN;Aldesleucina
Alecensa;Alectinibe
Lemtrada;Alemtuzumabe
Boneprev;Alendronato de Sódio
Osteoduo Fos;Alendronato de sódio + Colecalciferol
Alfaepoetina;Alfaepoetina
Gaviscon;Alginato de sódio + Bicarbonato de sódio + Carbonato de cálcio
Myozyme;Alglucosidase alfa
Praluent;Alirocumabe
RASILEZ;Alisquireno
Nesina Met;Alogliptina + Metformina
Nesina Pio;Alogliptina + Pioglitazona
Piqray;Alpelisibe
Actilyse;Alteplase
Volibris;Ambrisentana
AMIRETIC;Amilorida + Hidroclorotiazida
Asmapen;Aminofilina
Aminoven 10% Infant;Aminoácidos
Limbitrol;Amitriptilina + Clordiazepóxido
Rybrevant;Amivantamabe
Policlavumoxil;Amoxicilina + Clavulanato de potássio
Unasyn;Ampicilina + Sulbactam
AGENERASE;Amprenavir
Agrylin;Anagrelida
HIPOFAGIN S 75 .;Anfepramona
Amlovasc;Anlodipino
Glucantime;Antimoniato de meglumina
ANTITROMBINA III IMMUNO;Antitrombina III
Erleada;Apalutamida
Argix;Arginina
TAURARGIN;Arginina + Taurina
Pomada de Arnica;Arnica montana
Artesunato + Mefloquina Farmanguinhos;Artesunato + Mefloquina
Articaine;Articaína
Saphris;Asenapina
Strensiq;Asfotase Alfa
ELSPAR;Asparaginase
Atenorese;Atenolol + Clortalidona
NIFELAT 10/25 mg e 20/50 mg;Atenolol + Nifedipino
Atentah;Atomoxetina
Tracrium;Atracúrio
ATROPINA 0,5% - 1%;Atropina
LOMOTIL;Atropina + Difenoxilato
Inlyta;Axitinibe
Vidaza;Azacitidina
Rino-Lastin;Azelastina
Dymista;Azelastina + Fluticasona
AZACTAM;Aztreonam
Neotricin;Bacitracina + Neomicina
Sulfato de Neomicina + Bacitracina;Bacitracina + Sulfato de Neomicina
BAMBEC;Bambuterol
Olumiant;Baricitinibe
Simulect;Basiliximabe
Fostair DPI;Beclometasona + Formoterol
Trimbow;Beclometasona + Formoterol + Glicopirrônio
LOTENSIN;Benazepril
LOTENSIN H;Benazepril + Hidroclorotiazida
Ribomustin;Bendamustina
Dopabane;Benserazida + Levodopa
LONGACILIN;Benzilpenicilina benzatina
Furp-Benzilpenicilina Procaína + Benzilpenicilina Potássica;Benzilpenicilina potássica + Benzilpenicilina procaína
Benzin;Benzoato de benzila
Cepacaína;Benzocaína + Cloreto de Cetilpiridínio
Survanta;Beractanto
Besivance;Besifloxacino
Besilato De Atracúrio;Besilato de Atracúrio
Besilato de Cisatracúrio;Besilato de Cisatracúrio
FDC Betacaroteno;Betacaroteno
Betaserc;Betaistina
Daivobet Pomada;Betametasona + Calcipotriol
Celestamine;Betametasona + Dexclorfeniramina
GENTACORT OCULUM;Betametasona + Gentamicina
Betoptic S;Betaxolol
Cedur Retard;Bezafibrato
Casodex;Bicalutamida
MYCOSPOR;Bifonazol
Bimagan;Bimatoprosta
Mektovi;Binimetinibe
Minilax;Bisacodil
BLEOMICINA TECNOFARMA;Bleomicina
Blincyto;Blinatumomabe
Evobrig;Brigatinibe
Simbrinza;Brimonidina + Brinzolamida
Combigan;Brimonidina + Timolol
Pancuron;Brometo de Pancurônio
Brometo de Rocurônio;Brometo de Rocurônio
;Brometo de ipratrópio
Mestinon;Brometo de piridostigmina
Vecuron;Brometo de vecurônio
Bromuc;Bromexina
Parlodel;Bromocriptina
BUFEDIL;Buflomedil
Burinax;Bumetanida
Bupican Heavy;Bupivacaína
Contrave;Bupropiona + Naltrexona
Crysvita;Burosumabe
SUPREFACT E;Buserelina
Busilvex;Bussulfano
Buscoplex Composto;Butilbrometo de escopolamina + Dipirona
Ilaris;CANACINUMABE
CEFZIL;CEFPROZIL
Cabazitaxel;Cabazitaxel
Cabometyx;Cabozantinibe
Doril DC 500;Cafeína + Dipirona
Doralgina;Cafeína + Dipirona + Isometepteno
SARIDON;Cafeína + Paracetamol + Propifenazona
Daivonex;Calcipotriol
MIACALCIC;Calcitonina
Rocaltrol;Calcitriol
Tabrecta;Capmatinib
LOPRIL-D;Captopril + Hidroclorotiazida
Carbidopa + Levodopa;Carbidopa + Levodopa
;Carbonato de cálcio
Caltrate 600 + M;Carbonato de cálcio + Cobre + Colecalciferol + Magnésio + Manganês + Zinco
;Carbonato de cálcio + Colecalciferol
Liposic;Carbômero
Kyprolis;Carfilzomibe
Optive UD;Carmelose Sódica
Cancidas;Caspofungina
CATUABA NATURAL IMA;Catuaba
KAOMAGMA;Caulim + Pectina
Ceclor BD;Cefaclor
Keflin Neutro;Cefalotina
Cefalotina Sódica;Cefalotina Sódica
CLAFORAN;Cefotaxima
Cefoxitina Sódica;Cefoxitina Sódica
Fortaz;Ceftazidima
Zerbaxa;Ceftolozana + Tazobactam
Libtayo;Cemiplimabe
;Centella asiatica
Terolac;Cetorolaco
Zaditen Colírio;Cetotifeno
Cetrotide;Cetrorrelix
FDC VIT B-12;Cianocobalamina
METIOCOLIN B12 Drageas;Cianocobalamina + Colina + Metionina
Nervamin;Cianocobalamina + Piridoxina + Tiamina
FERROTRAT B12 PLUS;Cianocobalamina + Sulfato ferroso
Musbeno;Ciclobenzaprina
Cicloplégico;Ciclopentolato
;Ciclopirox olamina
ULCIMET Injetavel;Cimetidina
;Cimicifuga racemosa
Cinarizina;Cinarizina
Cibrato;Ciprofibrato
Aracytin® CS;Citarabina
TAMOFEN;Citrato de Tamoxifeno
Litocit;Citrato de potássio
Mavenclad;Cladribina
Dalacin V;Clindamicina
Clindoxyl;Clindamicina + Peróxido de Benzoíla
Clobesol;Clobetasol
Clonixinato de Lisina;Clonixinato de Lisina
Leukeran;Clorambucila
Arifenicol;Cloranfenicol
DEXAFENICOL OCULUM;Cloranfenicol + Dexametasona
SOLUÇÃO DE RINGER COM LACTATO - FRASCO;Cloreto de Cálcio + Cloreto de Potássio + Cloreto de Sódio + Lactato de Sódio
;Cloreto de potássio
;Cloreto de sódio
Spasmex;Cloreto de tróspio
Fluviral Noite;Clorfeniramina + Fenilefrina + Paracetamol
Cloridrato de Benazepril;Cloridrato de Benazepril
Cloridrato de Bupivacaína;Cloridrato de Bupivacaína
Cloridrato de Cefepime;Cloridrato de Cefepime
Cloridrato de Cinacalcete;Cloridrato de Cinacalcete
Cloridrato de Clobutinol;Cloridrato de Clobutinol
Cloridrato de Clobutinol + Succinato de Doxilamina;Cloridrato de Clobutinol + Succinato de Doxilamina
Cloridrato de Dobutamina;Cloridrato de Dobutamina
Cloridrato de Dopamina;Cloridrato de Dopamina
Cloridrato de Epirrubicina;Cloridrato de Epirrubicina
Cloridrato de Fingolimode;Cloridrato de Fingolimode
Cloridrato de Gencitabina;Cloridrato de Gencitabina
Cloridrato de Irinotecano;Cloridrato de Irinotecano
Cloridrato de Lercanidipino;Cloridrato de Lercanidipino
Cloridrato de Lidocaína;Cloridrato de Lidocaína
Cloridrato de Lincomicina;Cloridrato de Lincomicina
Cloridrato de Mepivacaína;Cloridrato de Mepivacaína
Cloridrato de Naratriptana;Cloridrato de Naratriptana
Cloridrato de Petidina;Cloridrato de Petidina
Cloridrato de Pioglitazona;Cloridrato de Pioglitazona
Cloridrato de Ranitidina;Cloridrato de Ranitidina
Cloridrato de Ropivacaína;Cloridrato de Ropivacaína
Cloridrato de Tetraciclina;Cloridrato de Tetraciclina
Cloridrato de Tiamina;Cloridrato de Tiamina
Otrivina;Cloridrato de xilometazolina
Diabinese;Clorpropamida
Cotellic;Cobimetinibe
Algicod;Codeína + Paracetamol
Iruxol Mono;Colagenase
Osteofix 600 UI;Colecalciferol
QUESTRAN LIGHT;Colestiramina
Colistimetato de Sódio;Colistimetato de Sódio
Beriplex P/N;Complexo Protrombínico
Acheflan;Cordia verbenacea
Xalkori;Crizotinibe
Maxicrom 2% e 4%;Cromoglicato dissódico
;Cynara scolymus
Neosaldina Dip;DIPIRONA + ISOMETEPTENO + CAFEÍNA
Tafinlar;Dabrafenibe
Dacarbazina;Dacarbazina
Daklinza;Daclatasvir
ZENAPAX;Daclizumabe
K.U. DACTINOMYCIN;Dactinomicina
DANTROLEN IV;Dantroleno
Qtern;Dapagliflozina + Saxagliptina
Bromidrato De Darifenacina;Darifenacina
Viekira Pak;Dasabuvir + Ombitasvir + Paritaprevir + Ritonavir
Sprycel;Dasatinibe
Daunoblastina;Daunorrubicina
Exjade;Deferasirox
Ferriprox;Deferiprona
Calcort;Deflazacorte
Firmagon;Degarelix
Desforane;Desflurano
Desairon;Desloratadina
Dexacobal - União Quimica;Dexametasona + Cianocobalamina
Tobracort;Dexametasona + Tobramicina
Dexilant;Dexlansoprazol
SILENCIUM XAROPE;Dextrometorfano
DOLOXENE-A Cápsulas;Dextropropoxifeno + Paracetamol
Artrodar;Diacereína
DICLORIDRATO DE QUININA;Dicloridrato de quinina
Videx EC;Didanosina
Duphaston;Didrogesterona
Femoston;Didrogesterona + Estradiol
Dienogeste;Dienogeste
Dietilcarbamazina Citrato;Dietilcarbamazina
DIBENDRIL;Difenidramina
Nausilon B6;Dimenidrinato + Piridoxina
DIMERCAPROL;Dimercaprol
Tecfidera;Dimetilfumarato
Flebodia;Diosmina
Vênula;Diosmina + Hesperidina
PROPINE Colirio;Dipivefrina
Beclosol Nasal Spray;Dipropionato de beclometasona
Dobutrex;Dobutamina
Dovato;Dolutegravir + Lamivudina
Dopacris;Dopamina
Pulmozyme;Dornase alfa
K.U. DOXORUBICIN HCL;Doxorrubicina
DROPERDAL 2,5MG/ML 50AP. 1ML;Droperidol
Neotoss;Dropropizina
Slinda;Drospirenona
Angeliq;Drospirenona + Estradiol
Lizzy;Drospirenona + Etinilestradiol
Imfinzi;Durvalumabe
Combodart;Dutasterida + Tansulosina
Zepatier;Elbasvir + Grazoprevir
Cerdelga;Eliglustate
Empliciti;Elotuzumabe
Revolade;Eltrombopague
Emadine;Emedastina
Glyxambi;Empagliflozina + Linagliptina
Enfluran;Enflurano
Fuzeon;Enfuvirtida
Xtandi;Enzalutamida
Relestat;Epinastina
Epinefrina;Epinefrina
Hypocaína com vasoconstritor;Epinefrina + Lidocaína
Mepivalem Ad;Epinefrina + Mepivacaína
Farmorubicina RD;Epirrubicina
Inspra;Eplerenona
Eprex;Epoetina alfa
Recormon;Epoetina beta
Halaven;Eribulina
Eritropoietina;Eritropoietina
Spravato;Escetamina
Brevibloc;Esmolol
Vimovo;Esomeprazol + Naproxeno
Rovamicina;Espiramicina
Aldazida 50;Espironolactona + Hidroclorotiazida
MERIMONO;Estradiol
TRISEQUENS 2 mg;Estradiol + Noretisterona
FURP-estreptomicina;Estreptomicina
STREPTASE;Estreptoquinase
Estrionil;Estriol
Premarin;Estrogênios conjugados
Etilefril;Etilefrina
Dunia 35;Etinilestradiol + Drospirenona
FEMIANE;Etinilestradiol + Gestodeno
Evanor;Etinilestradiol + Levonorgestrel
Etodolaco;Etodolaco
Hypnomidate;Etomidato
Evoposdo;Etoposídeo
Intelence;Etravirina
EUCALIPTOL;Eucaliptol
Repatha;Evolocumabe
Aromasin;Exemestano
Fampyra;Fampridina
FATOR IX 250/500 UI;Fator IX de coagulação
Hemofil;Fator VIII
Koate DVI;Fator VIII de coagulação
Citanest 3% com Octapressin;Felipressina + Prilocaína
Splendil;Felodipino
Pyridium;Fenazopiridina
Butazona Cálcica;Fenilbutazona
FENILEFRINA 10%;Fenilefrina
Fluviral Dia;Fenilefrina + Paracetamol
Lipidem;Fenofibrato
Duovent;Fenoterol + Ipratrópio
Pen-Ve-Oral;Fenoximetilpenicilina
Novofer Ped;Ferro
STIMULANCE MULTI FIBER;Fibras alimentares
;Filgrastim
Granulokine;Filgrastima
Gilenya;Fingolimode
Hyvit K;Fitomenadiona
FLUDARA;Fludarabina
Florinefe;Fludrocortisona
Flumazil;Flumazenil
Sibelium;Flunarizina
Rohydorm;Flunitrazepam
TRI-LUMA;Fluocinolona Acetonida + Hidroquinona + Tretinoína
NATIVIT FLÚOR;Fluoreto de sódio
FLUORURACILA DA EUROFARMA;Fluoruracila
KATADOLON;Flupirtina
Dalmadorm;Flurazepam
Ocufen;Flurbiprofeno
Flutamida;Flutamida
LESCOL;Fluvastatina
Telzir Suspensão;Fosamprenavir
Fosfato de Potássio;Fosfato de potássio
Monuril;Fosfomicina
MONOPRIL;Fosinopril
Muphoran;Fotemustina
FASLODEX;Fulvestranto
Zymar XD;Gatifloxacino
Zypred;Gatifloxacino + Prednisolona
Factive;Gemifloxacino
Tanakan;Ginkgo biloba
Maviret;Glecaprevir + Pibrentasvir
GLUCOVANCE;Glibenclamida + Metformina
SOLUÇÃO DE GLICOSE 50%;Glicose
GLIPIZIDA;Glipizida
Glucagen;Glucagon
Artrogen Duo;Glucosamina + Condroitina
PREGNYL;Gonadotrofina Coriônica Humana
Guaifenesina;Guaifenesina
;HIDROCORTISONA
FLUOTHANE;Halotano
Artroflan;Harpagophytum procumbens
Hederax;Hedera helix
Euflexxa;Hialuronato de sódio
Hyalozima;Hialuronidase
Hyqvia;Hialuronidase + Imunoglobulina humana
LISINORETIC;Hidroclorotiazida + Lisinopril
Misacor HCT;Hidroclorotiazida + Losartana
Selopress Zok;Hidroclorotiazida + Metoprolol
Olsar H;Hidroclorotiazida + Olmesartana medoxomila
Terra-Cortril;Hidrocortisona + Oxitetraciclina
Jurnista TM;Hidromorfona
SOLAQUIN;Hidroquinona
Hydrea;Hidroxiureia
Mylanta Plus;Hidróxido de Alumínio + Hidróxido de Magnésio + Simeticona
Gelusil;Hidróxido de alumínio + hidróxido de magnésio
;Hypericum perforatum
IMUNOGLOBULINA HUMANA ENDOVENOSA;IMUNOGLOBULINA HUMANA ENDOVENOSA
IMUNOGLOBULINA HUMANA ESPECÍFICA ANTI-D;IMUNOGLOBULINA HUMANA ESPECÍFICA ANTI-D
IMUNOGLOBULINA HUMANA ESPECÍFICA ANTI-HEPATITE B;IMUNOGLOBULINA HUMANA ESPECÍFICA ANTI-HEPATITE B
IMUNOGLOBULINA HUMANA NORMAL;IMUNOGLOBULINA HUMANA NORMAL
Imbruvica;Ibrutinibe
Nuromol;Ibuprofeno + Paracetamol
Firazyr;Icatibanto
Elaprase;Idursulfase
HOLOXANE;Ifosfamida
Cerezyme;Imiglucerase
Imiquimode;Imiquimode
IMUNOGLOBULINA ANTITETÂNICA;Imunoglobulina Antitetânica
Gammar;Imunoglobulina humana
TETANOGAMMA;Imunoglobulina humana antitetânica
CRIXIVAN;Indinavir
Berinert;Inibidor de C1 esterase
Besponsa;Inotuzumabe ozogamicina
Xultophy;Insulina degludeca + Liraglutida
Soliqua;Insulina glargina + Lixisenatida
Apidra Solostar;Insulina glulisina
Afrezza;Insulina humana
;Insulina regular
INTERFERON Alfa-2b Humano Recombinante;Interferon Alfa-2b
REBIF;Interferon beta-1a
Extavia;Interferon beta-1b
IODETO DE POTÁSSIO;Iodeto de potássio
Iopamiron;Iopamidol
Optiray;Ioversol
Camptosar;Irinotecano
Sarclisa;Isatuximabe
Cresemba;Isavuconazol
Isetionato de Hexamidina + Cloridrato de Tetracaína;Isetionato de Hexamidina + Cloridrato de Tetracaína
TRAVOGYN;Isoconazol
Promensil;Isoflavonas
FORANE;Isoflurano
Symdeko;Ivacaftor + Tezacaftor
Ninlaro;Ixazomibe
Hepa-Merz;L-ornitina L-aspartato
Culturelle Saúde Digestiva;Lactobacillus rhamnosus
Tykerb;Lapatinibe
Aldurazyme;Laronidase
Arulatan;Latanoprosta
GRANOCYTE;Lenograstim
Lenvima;Lenvatinibe
Zanidip;Lercanidipino
Eligard;Leuprorrelina
BETAGAN;Levobunolol
Simdax;Levosimendana
Medicaína;Lidocaína
Emla;Lidocaína + Prilocaína
Pliaglis;Lidocaína + Tetracaína
Tetralysal;Limeciclina
LINCOMICINA;Lincomicina
EXLUTON;Linestrenol
Broncho-Vaxom;Lisado Bacteriano
Uro-Vaxom;Lisado bacteriano de Escherichia coli
Venvanse;Lisdexanfetamina
Lyxumia;Lixisenatida
Alomide;Lodoxamida
Hislor;Loratadina
Alrex;Loteprednol
Zylet;Loteprednol + Tobramicina
Oxlumo;Lumasiran
Reblozyl;Luspatercepte
IXEL;MILNACIPRANO
Riopan;Magaldrato
RIOPAN PLUS;Magaldrato + Simeticona
Ergotrate;Maleato de ergometrina
Manitol 20%;Manitol
;Matricaria recutita
;Maytenus ilicifolia
;Melissa officinalis
Menopur;Menotropina
Dolantina;Meperidina
Meromax;Meropeném
Mesilato de Desferroxamina;Mesilato de desferroxamina
PROVIRON;Mesterolona
Metadoxil;Metadoxina
METILERGOMETRINA;Metilergometrina
Concerta;Metilfenidato
Metilsulfato de Neostigmina;Metilsulfato de neostigmina
DESERILA;Metisergida
Myalept;Metreleptina
Mycamine;Micafungina
Micofim creme;Miconazol
MIDECAMIN;Midecamicina
Rydapt;Midostaurina
Mepact;Mifamurtida
Zavesca;Miglustate
Primacor;Milrinona
MITOCIN;Mitomicina
MITOXANTRONA;Mitoxantrona
AURORIX;Moclobemida
ELOCOM;Mometasona
Singulair Baby;Montelucaste
Supirocin;Mupirocina
Orthoclone OKT3;Muromonabe-CD3
CORGARD;Nadolol
SYNAREL;Nafarelina
PRIVINA;Nafazolina
Deca-Durabolin;Nandrolona
Tysabri;Natalizumabe
STARLIX;Nateglinida
VIRACEPT PÓ ORAL;Nelfinavir
NEOMICINA POMADA;Neomicina
Normastig;Neostigmina
Natrecor;Nesiritida
Sermion;Nicergolina
NIFELAT;Nifedipino
Tasigna;Nilotinibe
Nimodipino;Nimodipino
Ofev;Nintedanibe
Paxlovid;Nirmatrelvir + Ritonavir
Nitrendipino;Nitrendipino
;Nitroprussiato de sódio
Hemitartarato de Norepinefrina;Norepinefrina
Spinraza;Nusinersena
Patanol S;OLOPATADINA
Syntocinon;Ocitocina
Ocrevus;Ocrelizumabe
Octride;Octreotida
Lynparza;Olaparibe
Olsar;Olmesartana medoxomila
Enavo ODT;Ondansetrona
XENICAL;Orlistate
STAFICILIN-N;Oxacilina
Oxacilina Sódica;Oxacilina Sódica
Evoxali;Oxaliplatina
Retemic UD;Oxibutinina
Terramicina;Oxitetraciclina
Ibrance;Palbociclibe
SYNAGIS;Palivizumabe
AREDIA;Pamidronato dissódico
Pyverm;Pamoato de Pirantel
;Panax ginseng
Creon;Pancreatina
Vectibix;Panitumumabe
Sinutab;Paracetamol + Pseudoefedrina
Bextra IM/IV;Parecoxibe
Zemplar;Paricalcitol
;Passiflora incarnata
Onpattro;Patisirana
Catuama;Paullinia cupana + Ptychopetalum olacoides + Trichilia catigua + Zingiber officinale
Votrient;Pazopanibe
PEFLACIN 2;Pefloxacino
Pelgraz;Pegfilgrastim
Umckan;Pelargonium sidoides
Alimta;Pemetrexede
Cuprimine;Penicilamina
PENICILINA G BENZATINA;Penicilina G Benzatina
PENICILINA G POTÁSSICA ARISTON;Penicilina G Potássica
PENICILINA G PROCAÍNA + PENICILINA G POTÁSSICA;Penicilina G Procaína + Penicilina G Potássica
TRENTAL VERT;Pentoxifilina
Neuleptil;Periciazina
Kwell;Permetrina
BENZAC WASH;Peróxido de benzoíla
GINSENG BRASILEIRO HERBARIUM;Pfaffia paniculata
Isopto Carpine;Pilocarpina
VISKEN;Pindolol
Pioglit;Pioglitazona
PIPORTIL;Pipotiazina
Nootron;Piracetam
ARELIX;Piretanida
Esbriet;Pirfenidona
Neuri - B6;Piridoxina
FANSIDAR;Pirimetamina + Sulfadoxina
Ciclalgin;Piroxicam
Sandomigran;Pizotifeno
Polixil B;Polimixina B
Iclusig;Ponatinibe
Curosurf;Poractanto alfa
PRAVACOL;Pravastatina Sódica
Predmicin;Prednisolona + Gentamicina
Promestrieno;Promestrieno
Propilracil;Propiltiouracila
Propionato de Clobetasol;Propionato de Clobetasol
FLUTINOL;Propionato de Fluticasona
Protamina;Protamina
Resolor;Prucaloprida
TRIFEDRIN;Pseudoefedrina + Triprolidina
ACCUPRIL;Quinapril
QUITOSANA;Quitosana
TOMUDEX;Raltitrexede
;Ramelteon
Rozerem;Ramelteona
Ranelato de Estrôncio;Ranelato de Estrôncio
Antak;Ranitidina
Stivarga;Regorafenibe
Veklury;Remdesivir
Ultiva;Remifentanila
Posprand;Repaglinida
;Rhamnus purshiana
VIRAZOLE;Ribavirina
Kisqali;Ribociclibe
Rifan Spray;Rifamicina
Rifamicina SV Sódica;Rifamicina SV Sódica
RILUTEK;Riluzol
Acomplia;Rimonabanto
Actonel Chronos;Risedronato sódico
Maxalt;Rizatriptana
Rocuron;Rocurônio
Daxas;Roflumilaste
Nplate;Romiplostim
Naropin;Ropivacaína
Avandia;Rosiglitazona
ROXITROM;Roxitromicina
Jakavi;Ruxolitinibe
Repoflor;Saccharomyces boulardii
LEVEDURA DE CERVEJA;Saccharomyces cerevisiae
Xadago;Safinamida
INVIRASE;Saquinavir
Kanuma;Sebelipase alfa
Secnizol;Secnidazol
Uptravi;Selexipague
Koselugo;Selumetinibe
GYNO-ZALAIN;Sertaconazol
SEVORANE;Sevoflurano
REDUCTIL;Sibutramina
Silimalon;Silimarina
Stilamin;Somatostatina
;Somatropina
Succinato de Sumatriptana;Succinato de Sumatriptana
Sufenta;Sufentanila
Bridion;Sugamadex
Sugamadex Sódico;Sugamadex Sódico
Arcalion;Sulbutiamina
FURP-Sulfadiazina;Sulfadiazina
Sulfadiazina de Prata;Sulfadiazina de Prata
Qiftrim;Sulfametoxazol + Trimetoprima
Foliron;Sulfato Ferroso + Ácido Fólico
Sulfato de Glicosamina;Sulfato de Glicosamina
Sulfato de Neomicina;Sulfato de Neomicina
Sulfato de Polimixina B;Sulfato de Polimixina B
SULFATO QUININA FARMOQUIMICA 500 mg.;Sulfato de Quinina
Sulfato de Vincristina;Sulfato de Vincristina
Farmanguinhos Sulfato Ferroso;Sulfato ferroso
Sutriptan;Sumatriptana
Glypressin;TERLIPRESSINA
Secotex;Tansulosina
Sivextro;Tedizolida
UFT;Tegafur + Uracila
KETEK;Telitromicina
TEMODAL;Temozolomida
Metalyse;Tenecteplase
VUMON;Teniposídeo
Aubagio;Teriflunomida
TETREX;Tetraciclina
Thiabena;Tiabendazol
THIAMINOSE;Tiamina
Stablon;Tianeptina
TIAPRIDAL;Tiaprida
Tygacil;Tigeciclina
Timoptol;Timolol
Tiocolchicosídeo;Tiocolchicosídeo
Thiopentax;Tiopental
Melleril;Tioridazina
TASMAR;Tolcapona
Detrusitol LA;Tolterodina
Hycamtin;Topotecana
TOXOIDE DIFTERICO IVB;Toxóide Diftérico
TOXOIDE DIFTERICO-TETANICO DIVB;Toxóide Diftérico + Toxóide Tetânico
TOXOIDE TETANICO ADSORVIDO;Toxóide Tetânico
Mekinist;Trametinibe
GOPTEN;Trandolapril
Kadcyla;Trastuzumabe entansina
Vesanoid;Tretinoína
Biancort;Triancinolona
Omcilon-A Orabase;Triancinolona acetonida
TRIEXIDYL 5MG-20 blist. 10cps.;Triexifenidil
Stelazine;Trifluoperazina
Dicloridrato de Trimetazidina;Trimetazidina
Trisenox;Trióxido de arsênio
Mydriacyl;Tropicamida
Zydena;Udenafila
Rinvoq;Upadacitinibe
Ureadin;Ureia
Dengvaxia;Vacina contra dengue
HEBERBIOVAC HB;Vacina hepatite B
Bexsero;Vacina meningocócica B
Valtrex;Valaciclovir
;Valeriana officinalis
Valcyte;Valganciclovir
Caprelsa;Vandetanibe
Zelboraf;Vemurafenibe
Venclexta;Venetoclax
Mepsevii;Vestronidase alfa
Velban;Vimblastina
VINCRISTINA 1 mg IV;Vincristina
NORELBIN;Vinorelbina
Erivedge;Vismodegibe
AROVIT;Vitamina A
;Vitamina E
Biofortônico;Vitaminas + Minerais
Comple B;Vitaminas do Complexo B
Voxzogo;Vosoritida
Vacina Influenza Trivalente;Vírus da Influenza inativado
Brukinsa;Zanubrutinibe
Clopixol;Zuclopentixol
;Ácido Acetilsalicílico
Excedrin;Ácido Acetilsalicílico + Cafeína + Paracetamol
ALKA-SELTZER;Ácido Acetilsalicílico + Ácido Cítrico + Bicarbonato de Sódio
Energrip C;Ácido Ascórbico
TIMENTIN;Ácido Clavulânico + Ticarcilina
Ácido Fusídico;Ácido Fusídico
;Ácido Mefenâmico
Belkyra;Ácido deoxicólico
;Ácido fólico
Dotarem;Ácido gadotérico
PIPRAM;Ácido pipemídico
;Ácido valproico
Zometa;Ácido zoledrônico
Lipofundin MCT/LCT 20%;Óleo de soja + Triglicerídeos de cadeia média
ÓLEO DE PEIXE;Ômega-3
